original,translation
"X - выбор, Y - инверсия выбора, (+) - меню","X - 선택, Y - 선택 반전, (+) - 메뉴"
"X - выбор, Y - инверсия выбора, (+) - меню, L3 - запуск","X - 선택, Y - 선택 반전, (+) - 메뉴, L3 - 실행"
"X - выбор, Y - инверсия выбора, (+) - меню, R3 - сортировка","X - 선택, Y - 선택 반전, (+) - 메뉴, R3 - 정렬"
"X - выбор, Y - инверсия выбора, (+) - меню, R3 - сортировка, L3 - запуск","X - 선택, Y - 선택 반전, (+) - 메뉴, R3 - 정렬, L3 - 실행"
"X - выбор, Y - инвертирование выбора, A - открыть, (-) - 2ая панель","X - 선택, Y - 선택 반전, A - 열기, (-) - 2번 패널"
"X - выбор, Y - инвертирование выбора, ⬅/➡ - смена панели, (-) - закрыть","X - 선택, Y - 선택 반전, ⬅/➡ - 패널 변경, (-) - 닫기"
"ZL/ZR - смена даты, Y - период, X - сортировка, (+) - выбрать пользователя","ZL/ZR - 날짜 변경, Y - 기간, X - 정렬, (+) - 사용자 선택"
. Время игры \x1b[32;1m{:02}:{:02}:{:02}\x1b[37;1m,. 플레이 시간 \x1b[32;1m{:02}:{:02}:{:02}\x1b[37;1m
Невозможно смонтировать системный раздел,시스템 파티션을 마운트할 수 없습니다
"DPAD или стики для перемещения, (+) - Настройки","DPAD 또는 스틱으로 이동, (+) - 설정"
Ошибка создания файла: {},파일 생성 오류: {}
Подключение к серверу...,서버에 연결 중...
      Название: {}\n      Издатель: {}\n      Версия: ,      제목: {}\n      퍼블리셔: {}\n      버전: 
   Это действие будет нельзя отменить   ,   이 작업은 취소할 수 없습니다   
SDK подменён,SDK 교체됨
Тип оборудования        : {},하드웨어 유형    : {}
Точка доступа,액세스 포인트
Традиционный китайский,중국어 번체
Транзисторов:      {:>3},트랜지스터:      {:>3}
Требуется вручную разрешить синхронизацию времени через Интернет в настройках,설정에서 인터넷을 통한 시간 동기화를 수동으로 활성화해야 합니다
Тёмная комната,어두운 방
Убрать из любимых,즐겨찾기에서 제거
Увеличить размер (в МБ),크기 늘리기 (MB)
"Уверены, что хотите продолжить?",정말로 계속하시겠습니까?
Удаление Wi-Fi профиля,Wi-Fi 프로필 삭제 중
Удаление Wi-Fi профиля...,Wi-Fi 프로필 삭제 중...
Удаление {} бекапа,{} 백업 삭제 중
Удаление {} бекапов,{}개의 백업 삭제 중
Удаление {} сохранений,{}개의 세이브 데이터 삭제 중
Удаление {} сохранения,{} 세이브 데이터 삭제 중
Удаление бекапов,백업 삭제 중
Удаление записи об игре...,게임 기록 삭제 중...
Удаление игр,게임 삭제 중
Удаление игры ,게임 삭제 중 
Удаление игры целиком: [{}],게임 전체 삭제: [{}]
Удаление каталога LFS,LFS 디렉토리 삭제 중
Удаление контента,콘텐츠 삭제 중
Удаление настроек родительского контроля...,자녀 보호 설정 삭제 중...
Удаление не удалось.\n\nНажмите любую кнопку для продолжения,삭제 실패.\n\n계속하려면아무 버튼이나 누르십시오
Удаление неиспользуемого {}...,사용하지 않는 {} 삭제 중...
Удаление плейсхолдера...,자리 표시자 삭제 중...
Удаление пользователя,사용자 삭제 중
Удаление пользователя...,사용자 삭제 중...
Удаление ранее установленных файлов...,이전에 설치된 파일 삭제 중...
Удаление родительского контроля,자녀 보호 설정 삭제 중
SaveFS очищена,SaveFS 초기화됨
Удаление связи с Nintendo account...,닌텐도 어카운트 연동 해제 중...
Удаление сохранений,저장 데이터 삭제 중
Удаление сохранения целиком,저장 데이터 전체 삭제 중
Удаление старого     {}...,이전 {} 삭제 중     {}...
Удаление старого файла {}...,이전 파일 {} 삭제 중...
Удаление старой записи об игре...,이전 게임 기록 삭제 중...
Удаление старой папки {}...,이전 폴더 {} 삭제 중...
Удаление тайтла: [{}],타이틀 삭제 중: [{}]
Удаление тикетов ({}),티켓 삭제 중 ({})
Удаление...,삭제 중...
Удалить,삭제
Удалить LFS,LFS 삭제
Удалить сохранения,저장 데이터 삭제
Удалить старые бекапы,이전 백업 삭제
Удаляется {} из {}...,{} / {} 삭제 중...
Удаляется {}...,{} 삭제 중...
Удаляется бекап ,백업 삭제 중 
Удаляется запись о контенте...,콘텐츠 기록 삭제 중...
Удаляется запись об игре...,게임 기록 삭제 중...
Удаляется игра и весь связанный контент,게임 및 모든 관련 콘텐츠 삭제 중
Titlekey не может быть инициализирован,Titlekey를 초기화할 수 없습니다
Удаляется папка LFS...,LFS 폴더 삭제 중...
Удаляется пустая папка,빈 폴더 삭제 중
Удаляется сохранение {}...,저장 데이터 {} 삭제 중...
Удаляется старая запись о контенте...,이전 콘텐츠 기록 삭제 중...
Удаляется старый cnmt.nca...,이전 cnmt.nca 삭제 중...
Удаляется тикет: {}...,티켓 삭제 중: {}...
Удаляются все объекты из альбома для игры,게임 앨범에서 모든 항목 삭제 중
Удаляются все сохранения для игры,게임의 모든 저장 데이터 삭제 중
Удаляются сохранения...,저장 데이터 삭제 중...
"UID: {}, Ник: {}","UID: {}, 닉네임: {}"
Удалённые,삭제됨
Удачный экспорт,내보내기 성공
Уделение старого тикета...,오래된 티켓 삭제 중...
Упаковка каталога в RomFS,디렉토리를 RomFS로 패킹
Упрощенный китайский,간체 중국어
Уровень заряда батареи         : {},배터리 잔량         : {}
Успешно разобран как PFS0 файл,PFS0 파일로 성공적으로 파싱됨
Устанавливается {},{} 설치 중
Установить как аватар...,아바타로 설정...
Установка,설치
URL для проверки обновлений,업데이트 확인 URL
Установка анлокера...,언락커 설치 중...
Установка завершена,설치 완료
Установка игр (NAND),게임 설치 (NAND)
Установка игр (SD Card),게임 설치 (SD 카드)
Установка игры завершена,게임 설치 완료
Установка обновлений игр,게임 업데이트 설치
Установка прервана,설치 중단됨
Установка с картриджа,카트리지에서 설치
Установка тайтлов ({}/{}),타이틀 설치 ({}/{})
Установка через DBIbackend,DBIbackend를 통해 설치
USB Соединение,USB 연결
Установка ярлыка...,바로가기 설치 중...
Установлен,설치됨
Установленные,설치됨
Установленные homebrew,설치된 홈브류
Установленные homebrew ({}),설치된 홈브류 ({})
Установленные игры,설치된 게임
Установленные тикеты,설치된 티켓
Установленные тикеты ({}),설치된 티켓 ({})
Файл повреждён и не может быть установлен. Не найдена сигнатура HEAD,파일이 손상되어 설치할 수 없습니다. HEAD 서명을 찾을 수 없습니다
Файл повреждён и не может быть установлен. Не найдена сигнатура HFS0 в разделе root,파일이 손상되어 설치할 수 없습니다. 루트 파티션에서 HFS0 서명을 찾을 수 없습니다
Файл повреждён и не может быть установлен. Не найдена сигнатура HFS0 в разделе secure,파일이 손상되어 설치할 수 없습니다. 보안 파티션에서 HFS0 서명을 찾을 수 없습니다
Файл повреждён и не может быть установлен. Не найдена сигнатура PFS0,파일이 손상되어 설치할 수 없습니다. PFS0 서명을 찾을 수 없습니다
Файл слишком большой для хранилища,파일이 저장소에 비해 너무 큽니다
Файл: {},파일: {}
Фиксация ФС...,파일 시스템 커밋...
Финальный размер: {},최종 크기: {}
Формирование списка...,목록 생성 중...
Форсированный язык    : {},강제 언어    : {}
Форсированный язык    : {} ({}),강제 언어    : {} ({})
  Автоопределение,  자동 감지
Форсировать UTF-8,UTF-8 강제
Форсировать язык,언어 강제
Французский,프랑스어
"Х:{}, Т:{}, РЦ:{}","H:{}, T:{}, R:{}"
Хранилища MTP,MTP 저장소
Хранилище только для чтения,읽기 전용 저장소
Хэш версии              : {},버전 해시      : {}
Целевая запись о контенте не найдена,대상 콘텐츠 레코드를 찾을 수 없습니다
ЧАСТЬ КОНТЕНТА ОТСУТСТВУЕТ. ИГРА НЕ БУДЕТ РАБОТАТЬ,콘텐츠 일부가 누락되었습니다. 게임이 작동하지 않습니다
Число транзисторов: {:>3},트랜지스터 수: {:>3}
Число уникальных сыграных игр : {},플레이한 고유 게임 수 : {}
Число ходов:        {:>3},턴 수:                  {:>3}
Читать дату файлов,파일 날짜 읽기
Чтение каталога...,디렉토리 읽는 중...
Чтение списка файлов...,파일 목록 읽는 중...
Что-то плохое грядёт,뭔가 나쁜 일이 다가오고 있습니다
Что-то пошло не так. Пропускаем оставшийся файл,문제가 발생했습니다. 나머지 파일을 건너뜁니다
"Чтобы вернуться, нажмите B",돌아가려면 B를 누르세요
Шадок у Гиби,기비의 샤독
Шифрование секции ,섹션 암호화
Экспорт SDK,SDK 내보내기
Экспортировать,내보내기
Экспортировать SDK,SDK 내보내기
Язык                    : {},언어         : {}
Январь,1월
Японский,일본어
Ярлык   : ,바로가기   : 
Ярлык для DBI,DBI 바로가기
да,예
не является LFS папкой,LFS 폴더가 아닙니다
не является LFS папкой игры,게임 LFS 폴더가 아닙니다
нет,아니요
"ZL/ZR - смена даты, Y - период","ZL/ZR - 날짜 변경, Y - 기간"
"Получено: {}, (скорость не определена)","수신됨: {}, (속도 정의되지 않음)"
Игры добавлены в список исключений,게임이 제외 목록에 추가되었습니다
Новых игр в список исключений добавлено не было,제외 목록에 추가된 새로운 게임은 없습니다
"Интервал автобекапа сейвов, дни",세이브 자동 백업 간격(일)
Просмотр МТР устройства [{}],MTP 장치 보기 [{}]
Просмотр USB диска [{}],USB 드라이브 보기 [{}]
Заряд батареи (сырое значение) : {},배터리 충전량(원시 값) : {}
ru,ru
[CRC ОШИБКА ФАЙЛА],[파일 CRC 오류]
Будет скачана и установлена прошивка системы из файла {}.\n\nНажимте (+) для продолжения\nЛюбую другую кнопку для отмены,시스템 펌웨어를 파일 {}에서 다운로드하여 설치합니다.\n\n계속하려면 (+)를 누르세요\n취소하려면 다른 버튼을 누르세요
Распаковка архива не удалась,아카이브 압축 해제 실패
Сканирование архива не удалось,아카이브 스캔 실패
Установить все обновления из этой папки,이 폴더에서 모든 업데이트 설치
Япония,일본
Русский,러시아어
Февраль,2월
Октябрь,10월
[HASH MISMATCH: GC ➡ eShop],[HASH MISMATCH: GC ➡ eShop]
Ноябрь,11월
 {} минут, {}분
Игрок,플레이어
Время,시간
Язык    : ,언어    : 
Контент,콘텐츠
[HASH: OK],[HASH: OK]
Красная,빨간
Путь    : ,경로 :
[HASH MISMATCH: Неисправимо],[해시 불일치: 복구 불가]
[ПРЕД],[이전]
Альбом,앨범
Выход,종료
и т.д...,등...
{} бекап,{} 백업
874,874
Пишется тело: {}/{}MB \r,본문 작성 중: {}/{}MB \r
Пишется скриншот\n,스크린샷 작성 중\n
Пишется таблица хешей\n,해시 테이블 작성 중\n
Пишется подпись видео\n,비디오 서명 작성 중\n
Операция завершена\n,작업이 완료되었습니다\n
"Будет скачана и установлена прошивка системы из файла {}.\n\nВНИМАНИЕ!!! Похоже, эта версия не поддерживается текущей атмосферой.\n\nНажимте (+) для продолжения\nЛюбую другую кнопку для отмены",시스템 펌웨어가 {} 파일에서 다운로드 및 설치됩니다.\n\n경고!!! 이 버전은 현재 Atmosphere에서 지원되지 않는 것 같습니다.\n\n계속하려면 (+)를 누르세요\n취소하려면 다른 버튼을 누르세요
Копирование файла не удалось,파일 복사에 실패했습니다
Daybreak.nro не найден,Daybreak.nro을 찾을 수 없습니다
Изображение добавлено в альбом,이미지가 앨범에 추가되었습니다
Ошибка добавления изобржения в альбом: {},앨범에 이미지를 추가하는 중 오류 발생: {}
Добавить в альбом,앨범에 추가
Анализ mp4 файла,mp4 파일 분석 중
Длительность: {},재생 시간: {}
ОШИБКА! Файл не содержит один видео трек,오류! 파일에 비디오 트랙이 하나 없습니다
ОШИБКА! Файл не содержит один аудио трек,오류! 파일에 오디오 트랙이 하나 포함되어 있지 않습니다
ОШИБКА! У видео трека неподдерживаемый кодек,오류! 비디오 트랙에 지원되지 않는 코덱이 있습니다
ОШИБКА! У аудио трека неподдерживаемый кодек,오류! 오디오 트랙에 지원되지 않는 코덱이 있습니다
ОШИБКА! Аудио трек не стерео,오류! 오디오 트랙이 스테레오가 아닙니다
[{}] Общий тикет для {},[{}] {}에 대한 공통 티켓
ОШИБКА! У аудио трека неподходящая частота дискретизации,오류! 오디오 트랙의 샘플링 속도가 부적절합니다
ОШИБКА! У видео трека неподходящая ширина,오류! 비디오 트랙의 너비가 부적절합니다
ОШИБКА! У видео трека неподходящая высота,오류! 비디오 트랙의 높이가 부적절합니다
ВНИМАНИЕ! Возможно видео поток содержит B-Frames. Файл может не воспроизводиться,주의! 비디오 스트림에 B-프레임이 포함되어 있을 수 있습니다. 파일이 재생되지 않을 수 있습니다
"Похоже, это не MP4 файл",이것은 MP4 파일이 아닌 것 같습니다
Открыть как RomFS,RomFS로 열기
\x1b[31;1mГ\x1b[37;1m,\x1b[31;1mГ\x1b[37;1m
\x1b[32;1mШ\x1b[37;1m,\x1b[32;1mШ\x1b[37;1m
Ваша SD карта является подделкой. Рекомендуется заменить SD карту на проверенную.,SD 카드가 위조품입니다. 검증된 SD 카드로 교체하는 것이 좋습니다.
[{}] Персональный тикет для {},[{}] {}의 개인 티켓
Кажется ваша SD карта является подделкой.\n\nВозможны проблемы с установкой игр.\nВ этом случае рекомендуется заменить SD карту на проверенную.,SD 카드가 위조품인 것 같습니다.\n\n게임 설치 시 문제가 발생할 수 있습니다.\n이 경우 SD 카드를 검증된 제품으로 교체하는 것이 좋습니다.
Информация о SD карте,SD 카드 정보
Производитель    : {:s} ({:02X}),제조사    : {:s} ({:02X})
OEM ID           : {:s} ({:s}),OEM ID : {:s} ({:s})
Имя продукта     : {:s},제품 이름  : {:s}
Ревизия продукта : {:s},제품 리비전 : {:s}
Серийный номер   : {:s},일련 번호  : {:s}
[ПОДПИСЬ: DBI],[서명: DBI]
.    Время игры    \x1b[32;1m{:02}:{:02}:{:02}\x1b[37;1m,.    플레이 시간    \x1b[32;1m{:02}:{:02}:{:02}\x1b[37;1m
"ZL/ZR смена даты, Y период, X сортировка, (+) выбрать пользователя","ZL/ZR 날짜 변경, Y 기간, X 정렬, (+) 사용자 선택"
[{}МБ] {}МБ из {}МБ ({:.2f} МБ/сек)\x1b[0K\r,[{}MB] {}MB / {}MB ({:.2f} MB/초)\x1b[0K\r
"X выбор, Y обратить выбор, (+) меню, R3 сортировка, L3 запуск","X 선택, Y 선택 반전, (+) 메뉴, R3 정렬, L3 실행"
Создать все известные ({}),알려진 모든 항목 생성 ({})
"X выбор, Y обратить выбор, (+) меню, L3 запуск","X 선택, Y 선택 반전, (+) 메뉴, L3 실행"
"DPAD или стики для перемещения, (+) Настройки","DPAD 또는 스틱으로 이동, (+) 설정"
Просмотр HTTP/FTP/Github сервера...,HTTP/FTP/Github 서버 탐색 중...
"X выбор, Y обратить выбор, (+) меню, R3 сортировка","X 선택, Y 선택 반전, (+) 메뉴, R3 정렬"
"X выбор, Y обр. выбор, (+) меню","X 선택, Y 선택 반전, (+) 메뉴"
"X выбор, Y обратить выбор, A открыть, (-) 2ая панель, (+) меню","X 선택, Y 선택 반전, A 열기, (-) 2번째 패널, (+) 메뉴"
"X выбор, Y обр. выбор, ⬅/➡ смена панели, (-) закрыть, (+) меню","X 선택, Y 선택 해제, ⬅/➡ 패널 전환, (-) 닫기, (+) 메뉴"
[ДЕЛЬТА ФРАГМЕНТ НЕ НУЖЕН],[델타 조각 불필요]
[КОНТЕНТ ОТСУТСТВУЕТ],[콘텐츠 없음]
[НЕ СОЗДАТЬ ПЛЕЙСХОЛДЕР],[플레이스홀더 생성 안 함]
[НЕДОСТАТОЧНО МЕСТА],[공간 부족]
  Кодировка...,  인코딩 중...
[НЕИЗВЕСТНОЕ СЖАТИЕ],[알 수 없는 압축]
[ОТСУТСТВУЕТ],[누락]
[ОШБК],[오류]
[ОШИБКА NCA MAGIC],[NCA MAGIC 오류]
[ОШИБКА ЗАПИСИ В ПЛЕЙСХОЛДЕР],[플레이스홀더 쓰기 오류]
[ОШИБКА РАСПАКОВКИ ZSTD: {}],[ZSTD 압축 해제 오류: {}]
[ОШИБКА РАСПАКОВКИ],[압축 해제 오류]
[ОШИБКА],[오류]
[ОШИБКА] Отсутствует URL списка обновлений,[오류] 업데이트 목록 URL이 없습니다
[ПЕРЕДАЧА OK],[전송 OK]
  Применить,  적용
[ПЕРЕДАЧА ПРЕРВАНА],[전송 중단됨]
[ПОВРЕЖДЁННЫЙ NCA],[손상된 NCA]
[ПОДПИСЬ: OK],[서명: OK]
[ПОДПИСЬ: XCI➡NSP],[서명: XCI➡NSP]
[ПОДПИСЬ: Поддельная],[서명: 위조]
[СТАРАЯ ПРОШИВКА],[구 펌웨어]
[ТРЕБУЕТСЯ РЕЖИМ ТАЙТЛА],[타이틀 모드 필요]
[ФАЙЛ ПОВРЕЖДЁН],[파일 손상됨]
[ХЕШ ИСПРАВЛЕН],[해시 수정됨]
  Редактирование,  편집
[ХЕШ НЕ СОВПАДАЕТ],[해시 불일치]
\nНачало обработки dlc {}: {:016X},\nDLC 처리 시작 {}: {:016X}
\nНачало обработки программы {},\n애플리케이션 {} 처리 시작
\nНачало создания Data.nca,\nData.nca 생성 시작
\nНачало создания Meta.nca,\nMeta.nca 생성 시작
\nОшибка USB обмена,\nUSB 전송 오류
\nСборка PFS0,\nPFS0 빌드 중
\nСборка RomFS,\nRomFS 빌드 중
\nСекция 0,\n섹션 0
\nСекция 1,\n섹션 1
 (по времени игры), (플레이 시간순)
\nСекция 2,\n섹션 2
\nСоздан NSP: {},\nNSP 생성됨: {}
\nШифрование NCA,\nNCA 암호화
{:04d} {} {:02d}. Всего: {} час,{:04d} {} {:02d}. 총: {} 시간
{:04d} {} {:02d}. Всего: {} часа,{:04d} {} {:02d}. 총: {} 시간
{:04d} {} {:02d}. Всего: {} часов,{:04d} {} {:02d}. 총: {} 시간
{:4d} {}. Всего: {} час,{:4d} {}. 총: {} 시간
{:4d} {}. Всего: {} часа,{:4d} {}. 총: {} 시간
{:4d} {}. Всего: {} часов,{:4d} {}. 총: {} 시간
 (по названию игры), (게임 제목순)
{:4d}. Всего: {} час,{:4d}. 총: {} 시간
{:4d}. Всего: {} часа,{:4d}. 총: {} 시간
{:4d}. Всего: {} часов,{:4d}. 총: {} 시간
{:>3} {}{:<50}\x1b[37;1m {:>10},{:>3} {}{:<50}\x1b[37;1m {:>10}
{:>6} объектов обработано. {:>5} записей найдено...\r,{:>6}개의 객체가 처리되었습니다. {:>5}개의 항목을 찾았습니다...\r
{:>6}/{}kB уже скачано...\r,{:>6}/{}kB 이미 다운로드됨...\r
{} cохранение,{} 세이브
{} cохранений,{} 저장됨
{} cохранения,{} 저장 데이터
 (по числу запусков), (실행 횟수순)
{} бекапа,{} 백업
{} бекапов,{} 백업
{} записей ({}),{} 항목 ({})
{} записи ({}),{} 항목 ({})
{} запись ({}),{} 항목 ({})
{} игр ({}),{}게임 ({})
{} игра ({}),{} 게임 ({})
{} игры ({}),{}게임 ({})
{} сохранение,{} 저장
{} сохранений,{} 저장
{} сохранения,{} 저장 데이터
{} тикет,{} 티켓
{} тикета,{} 티켓
{} тикетов,{}티켓
{}-{} FW:{}{} SDK:{},{}-{} FW:{}{} SDK:{}
"{}/{} MB (Ср: {:.1f} MB/sec, Тек: {:.1f} MB/sec) Ост. {:02d}:{:02d}      \r","{}/{} MB (평균: {:.1f} MB/초, 현재: {:.1f} MB/초) 남음 {:02d}:{:02d}      \r"
"{}/{} МБ, {:.2f} МБ/сек","{}/{} MB, {:.2f} MB/초"
{}: {} потерянная запись,{}: {} 고아 항목
{}: {} потерянных записей,{}: {} 개의 손실된 항목
{}: {} потерянных записи,{}: {} 개의 손실된 항목
     {:<10} Шифрование: {} Размер установки: {}{:>10},     {:<10} 암호화: {} 설치 크기: {}{:>10}
 [НЕ МОГУ ОТКРЫТЬ ФАЙЛ], [파일을 열 수 없습니다]
{}: {}/{} ({:.2f} МБ/сек),{}: {}/{} ({:.2f} MB/초)
{}: {}/{} ({}%) ({:.2f} МБ/сек),{}: {}/{} ({}%) ({:.2f} MB/초)
{}: пропускается {}/{} ({:.2f} МБ/сек),{}: 건너뛰는 중 {}/{} ({:.2f} MB/초)
"{}\n\nВосстановление бекапа не удалось\n\nНажмите A - прервать, другая кнопка - продолжить","{}\n\n백업 복원 실패\n\nA를 눌러 중단, 다른 버튼을 눌러 계속"
{}МБ из {}МБ ({:.2f} МБ/сек)\x1b[0K\r,{}MB / {}MB ({:.2f} MB/초)\x1b[0K\r
АВТО,자동
Аватар установлен,아바타 설정됨
Август,8월
Австралия,호주
Автозапуск FTP: ,FTP 자동 시작: 
Автозапуск MTP,MTP 자동 시작
Автозапуск списка homebrew,홈브류 목록 자동 시작
Автоповтор кнопок при удержании,버튼 길게 누를 때 자동 반복
Автор   : ,작성자  : 
Агрументы для ярлыка,바로가기 인수
Адрес FTP сервера: {},FTP 서버 주소: {}
Адрес HTTP сервера: {},HTTP 서버 주소: {}
 {:>5} часа, {:>5} 시간
Альбом (0°),앨범 (0°)
Американский английский,미국 영어
Апрель,4월
База этой игры не самодостаточна. Не забудьте установить обновление,이 게임의 베이스는 자체적으로 충분하지 않습니다. 업데이트 설치를 잊지 마세요
Базовое хранилище: ,본체 저장 공간: 
Бекапы,백업
Бекапы сохранений ({}),저장 데이터 백업 ({})
Британский английский,영국 영어
 {:>5} часов, {:>5} 시간
В альбоме найден {} объект,앨범에서 {}개의 객체를 찾았습니다
В альбоме найдено {} объекта,앨범에서 {}개의 객체를 찾았습니다
В альбоме найдено {} объектов,앨범에서 {}개의 객체를 찾았습니다
В альбоме отсутствуют объекты,앨범에 객체가 없습니다
В файле /switch/prod.keys отсутствуют необходимые ключи.\n\nЧасть функций программы будет недоступна.\n\nПерегрузитесь в Hekate и используйте Lockpick_RCM.bin пейлоад\nдля дампа ключей из SysNAND.,/switch/prod.keys 파일에 필요한 키가 없습니다.\n\n애플리케이션의 일부 기능을 사용할 수 없습니다.\n\nHekate로 재부팅하고 Lockpick_RCM.bin 페이로드를 사용하여\nSysNAND에서 키를 덤프하십시오.
ВНИМАНИЕ ,경고 
ВНИМАНИЕ! ,경고! 
ВНИМАНИЕ! Тайтл {:016X} не установлен,주의! 타이틀 {:016X}이(가) 설치되지 않았습니다
ВНИМАНИЕ! Установленная версия ({}) не совпадает с желаемой ({}),주의! 설치된 버전({})이 원하는 버전({})과 일치하지 않습니다
ВО ВРЕМЯ ПЕРЕДАЧИ ФАЙЛА НАЙДЕНЫ ОШИБКИ. УСТАНОВКА ПРЕРВАНА,파일 전송 중 오류가 발견되었습니다. 설치가 중단되었습니다
 {} в чёрном списке., {} 블랙리스트에 있습니다.
Введите URL сервера (HTTP или (S)FTP),서버 URL 입력 (HTTP 또는 (S)FTP)
Введите агрументы для ярлыка или оставьте пустым,바로가기 인수를 입력하거나 비워두세요
Введите желаемый номер страницы,원하는 페이지 번호를 입력하세요
Введите новое имя,새 이름 입력
Введите новое имя каталога,새 디렉토리 이름 입력
Введите новое имя файла,새 파일 이름 입력
Введите номер DLC,DLC 번호 입력
Версия  : ,버전    : 
Версия {} [v{}],버전 {} [v{}]
Версия прошивки         : {}.{}.{}-{}.{},펌웨어 버전     : {}.{}.{}-{}.{}
Вместо пользователя {} использовать:,사용자 {} 대신 사용:
Внимание! ,주의! 
Внимание!\nНекоторые файлы были заблокированы и поэтому пропущены.,경고!\n일부 파일이 잠겨 있어 건너뛰었습니다.
Во время разбора\n\n{}\n\nвозникла следующая ошибка:\n\n{},파싱 중\n\n{}\n\n다음 오류가 발생했습니다:\n\n{}
Во время установки тикетов были ошибки. Проверьте наличие ES сигпатчей,티켓 설치 중 오류가 발생했습니다. ES 시그패치가 있는지 확인하세요
Во время экспорта были ошибки,내보내기 중 오류가 발생했습니다
Возраст батареи                : {},배터리 사용 기간      : {}
Возраст батареи                : {}%,배터리 노후도                : {}%
 {} минута, {}분
Возрастной рейтинг,연령 등급
Восстановить,복원
Восстановить бекап...,백업 복원...
Восстановить для...,복원 대상...
Восстановить как бекап сохранения,저장 백업으로 복원
Восстановление бекапа,백업 복원 중
Восстановление не удалось,복구 실패
Восстановление успешно,복원 성공
Восстановление: {},복원 중: {}
 {} минуты, {} 분
Время гашения экрана в секундах,화면 밝기 감소 시간 초
Время игры: {:02}:{:02}:{:02},플레이 시간: {:02}:{:02}:{:02}
Время передачи {:d}:{:02d}:{:02d},전송 시간 {:d}:{:02d}:{:02d}
Все игровые сессии,모든 게임 세션
Все игроки,모든 플레이어
Все объекты,모든 객체
Все файлы в порядке,모든 파일이 정상입니다
Всего {} байт получен,{}바이트 수신됨
Всего {} байт послан,{}바이트 전송됨
Всего {} байта получено,총 {} 바이트 수신됨
 Да, 예
Всего {} байта послано,{}바이트 전송됨
Всего {} байтов получено,총 {} 바이트 수신됨
Всего {} байтов послано,{}바이트 전송됨
Всего записей: {},총 항목 수: {}
Всего освобождено места : ,총 확보된 공간 : 
Всего отослано: {} ({}/сек),총 전송량: {} ({}/초)
Всего программ: {},총 타이틀 수: {}
Вставить,삽입
Вставка...,삽입 중...
Всё время. Всего: {} час,전체 시간. 총: {}시간
Всё время. Всего: {} часа,전체 시간. 총: {}시간
Всё время. Всего: {} часов,전체 시간. 총: {}시간
Вы собираетесь удалить следующие бекапы:,다음 백업을 삭제하려고 합니다:
Вы собираетесь удалить следующие игры:,다음 게임을 삭제하려고 합니다:
Вы собираетесь удалить следующие сохранения:,다음 저장 데이터를 삭제하려고 합니다:
Вы собираетесь удалить следующие тикеты:,다음 티켓을 삭제하려고 합니다:
Вы уверены в удалении {} записей?\n\n(+) - ДА   B - Отмена,{}개의 항목을 삭제하시겠습니까?\n\n(+) - 예   B - 취소
Вы уверены в удалении {} записи?\n\n(+) - ДА   B - Отмена,{}개 항목을 삭제하시겠습니까?\n\n(+) - 예   B - 취소
Вы уверены в удалении {} объекта?\n\n(+) - ДА   B - Отмена,{}개의 객체를 삭제하시겠습니까?\n\n(+) - 예   B - 취소
Вы уверены в удалении {} объектов?\n\n(+) - ДА   B - Отмена,{}개의 객체를 삭제하시겠습니까?\n\n(+) - 예   B - 취소
    {:>2} сек,    {:>2} 초
 Закрытие игры, 게임 종료 중
"Вы уверены, что хотите удалить {}?\n\n(+) - ДА, другая кнопка - НЕТ","{}을(를) 삭제하시겠습니까?\n\n(+) - 예, 다른 버튼 - 아니오"
"Вы уверены, что хотите удалить\n{}?\n\n(+) - ДА  В - Отмена",삭제하시겠습니까\n{}?\n\n(+) - 예  B - 취소
Выберите пользователя,사용자 선택
Выберите тип сохранения,저장 유형 선택
Выбрать все файлы игры,모든 게임 파일 선택
Выбрать того же пользователя,같은 사용자 선택
Выбрать ту же игру,같은 게임 선택
Выключать экран,화면 끄기
 Запуск игры, 게임 실행 중
Вырезать,잘라내기
Выход на рабочий стол,HOME 메뉴로 나가기
Вычисление хэша,해시 계산 중
Вычисленное время конца : {},계산된 종료 시간 : {}
Вычисленное время начала: {},계산된 시작 시간: {}
Генерация DLC [{:016X}][v{}],DLC 생성 중 [{:016X}][v{}]
Генерация DLC анлокера...,DLC 언락커 생성 중...
Генерируется анлокер для {:016X} с номером {} и версией {}...,{:016X}에 대한 언락커를 번호 {} 및 버전 {}로 생성 중...
Генерируется ярлык для пути '{}' и аргументов '{}'...,경로 '{}'와 인수 '{}'에 대한 바로가기 생성 중...
 Логаут пользователя \x1b[36;1m{}\x1b[37;1m, 사용자 \x1b[36;1m{}\x1b[37;1m 로그아웃 중
Главное меню,메인 메뉴
Голландский,네덜란드어
"Да, я уверен","예, 확신합니다"
Дамп анлокера в '{}'...,언락커를 '{}'에 덤프 중...
Дамп текущей прошивки,현재 펌웨어 덤프
Дамп ярлыка в '{}'...,'{}'로 바로가기 덤프 중...
Дата первого игрового события : {},첫 게임 이벤트 날짜  : {}
Действия с файлами,파일 작업
Действия с файлами ({}),파일 작업 ({})
 Логин пользователя \x1b[36;1m{}\x1b[37;1m, 사용자 이름 \x1b[36;1m{}\x1b[37;1m
Декабрь,12월
День,일
Диаграмма активности,활동 차트
Для бекапов,백업용
Для выхода нажмите любую кнопку,종료하려면 아무 버튼이나 누르세요
Для дампов,덤프용
Для логов,로그용
Добавить в любимые,즐겨찾기에 추가
Добавлять суффикс к имени файла,파일 이름에 접미사 추가
Достаточное питание            : {},충분한 전원         : {}
 Переключение на игру, 게임으로 전환
Европа,유럽
"Есть несохранёные изменения.\nВы хотите их сохранить?\n\n(+) - Да, сохранить\n\n(-) - Выйти без сохранения\n\nДругая кнопка - Отмена","저장되지 않은 변경 사항이 있습니다.\n저장하시겠습니까?\n\n(+) - 예, 저장\n\n(-) - 저장하지 않고 종료\n\n다른 버튼 - 취소"
Желаемая версия: {},원하는 버전: {}
Журнал активности,활동 기록
Журналирование действий,작업 로깅
Завершено,완료됨
Загружается список обновлений...,업데이트 목록 로드 중...
Загружено ,로드됨 
Загрузка изображения...,이미지 로딩 중...
 Режим работы изменился: {}, 작동 모드 변경됨: {}
Загрузка текста...{}%,텍스트 로딩 중...{}%
Загрузка файла... {}%,파일 로딩 중... {}%
Задать размер файла {} не удалось: {},파일 크기 {} 설정 실패: {}
Закладки на SD,SD 북마크
Закончено за {:02d}:{:02d}:{:02d},{:02d}:{:02d}:{:02d}에 완료됨
Закончилась память при посылке ответа,응답 전송 중 메모리 부족
Закончились дополнительные буферы. Скорость записи на носитель слишком низка,추가 버퍼가 부족합니다. 저장소 쓰기 속도가 너무 낮습니다
Закрытие соединения,연결 종료 중
Закрытие соединения к {}:{},{}:{} 연결 종료 중
 Сброс системных часов, 시스템 시계 재설정
Запаковать LFS в romfs.bin,LFS를 romfs.bin으로 패킹
Запаковать в romfs.bin,romfs.bin으로 압축
Запаковка папки в RomFS,폴더를 RomFS로 패킹 중
Записанное время конца  : {},기록된 종료 시간  : {}
Записанное время начала : {},기록된 시작 시간 : {}
Запись в файл...,파일에 쓰는 중...
Запись за пределами файла,파일 범위를 벗어난 쓰기
Заполнение нулями,제로 채우기
Заполнить свободное место на SD нулями,SD 여유 공간을 0으로 채우기
 Сворачивание игры, 게임 일시중지
Запрет захвата видео,비디오 캡처 금지
Запрет скриншотов,스크린샷 금지
Запрещено,금지됨
Запрос на удаление ,삭제 요청 
Запускавшиеся игры,실행된 게임
Запускать точку доступа,액세스 포인트 시작
Запустить FTP сервер,FTP 서버 시작
Запустить FTP сервер...,FTP 서버 시작...
Запустить HTTP сервер,HTTP 서버 시작
Запустить HTTP сервер...,HTTP 서버 시작 중...
 Состояние электропитания изменилось: {}, 전원 상태 변경됨: {}
Запустить МТР соединение,MTP 연결 시작
Запустить случайную игру,무작위 게임 실행
Заряд батареи                  : {},배터리 충전량                  : {}
Заряд батареи                  : {}%,배터리 충전량        : {}%
Заряд батареи (сырое значение) : {}%,배터리 충전량 (원시 값) : {}%
Зарядка батареи                : {},배터리 충전         : {}
Здесь пусто,여기에는 아무것도 없습니다
Игра анонсирует SDK {},게임이 SDK {}를 알립니다
" и {} новое DLC,"," 및 {}개의 새 DLC,"
"Игра анонсирует более новый SDK ({}), чем текущая прошивка ({})",게임이 현재 펌웨어 ({})보다 최신 SDK ({})를 요구합니다
Игра использует titleId от дополнения,게임이 DLC의 titleId를 사용합니다
Игра использует titleId от обновления,게임이 업데이트의 titleId를 사용합니다
Извлечь в LFS,LFS로 추출
Изменение размера сохранения на {} [{}]...,저장 데이터 크기를 {} [{}]로 변경 중...
Изменить версию DLC (десятичную),DLC 버전 변경 (십진수)
Изменить номер DLC (десятичный),DLC 번호 변경 (십진수)
Изменить номер DLC (шестнадцатеричный),DLC 번호 변경 (16진수)
Изменён размер SaveFS,SaveFS 크기 변경됨
" и {} новых DLC,"," 및 {}개의 새 DLC,"
Импорт исправленного тикета...,수정된 티켓 가져오는 중...
Импорт тикета...,티켓 가져오는 중...
Имя     : ,이름    : 
"Имя каталога\n'{}'\nсодержит недопустимые символы.\nОн не может быть создан.\n\nНажмите A - прервать, B - пропустить, X - переименовать","디렉토리 이름\n'{}'\n에 잘못된 문자가 포함되어 있습니다.\n생성할 수 없습니다.\n\nA - 중단, B - 건너뛰기, X - 이름 바꾸기"
"Имя файла\n'{}'\nсодержит недопустимые символы.\nОн не может быть создан.\n\nНажмите A - прервать, B - пропустить, X - переименовать","파일 이름\n'{}'\n에 잘못된 문자가 포함되어 있습니다.\n생성할 수 없습니다.\n\nA - 중단, B - 건너뛰기, X - 이름 바꾸기"
Инсталлируется romfs.bin,romfs.bin 설치 중
Инструменты,도구
Информация о зарядке батареи,배터리 충전 정보
Информация о контенте,콘텐츠 정보
Информация о контенте ({}),콘텐츠 정보 ({})
 сортировка по дате создания, 생성 날짜순 정렬
Информация о прошивке,펌웨어 정보
Информация о системе,시스템 정보
Информация о сохранении,저장 데이터 정보
Информация о сохранении...,저장 데이터 정보...
Информация о тикете,티켓 정보
Информация о тикете...,티켓 정보...
Информация об NSP,NSP 정보
Информация об атмосфере,Atmosphere 정보
Информация об игровой активности,게임 활동 정보
Информация об источние питания,전원 정보
 сортировка по имени, 이름순 정렬
Информация об оборудовании,하드웨어 정보
Информация...,정보...
Испанский,스페인어
Использовано дополнительной памяти: {}. Создано буферов: {},추가 메모리 사용량: {}. 생성된 버퍼: {}
Использовать 5 GHz,5 GHz 사용
Использовать MSG_WAITALL в recv,recv에서 MSG_WAITALL 사용
Использовать для неё TitleID,이것에 TitleID 사용
Использовать папку для...,폴더 사용...
Использовать разгон,오버클럭 사용
Использовать скрытый SSID,숨겨진 SSID 사용
 сортировка по имени игры, 게임 이름으로 정렬
Используется ,사용됨 
Используется USB{},USB{} 사용 중
Итальянский,이탈리아어
Ищется control для ProgramId {},ProgramId {}에 대한 control 검색 중
Ищется exefs/romfs для ProgramId {},ProgramId {}에 대한 exefs/romfs 검색 중
Ищется exefs/romfs/logo для ProgramId {},ProgramId {}에 대한 exefs/romfs/logo 검색 중
Ищется {},{} 검색 중
 сортировка по месту установки, 설치 위치별 정렬
Июль,7월
Июнь,6월
Канадский французский,캐나다 프랑스어
"Когда ваше устройство подключится, нажмите любую кнопку",기기가 연결되면 아무 버튼이나 누르세요
Код партии батареи    : {} ({}),배터리 로트 코드      : {} ({})
Кодировка,인코딩
Конвертация в фейковые ,가짜로 변환 
Конец игры            : -,게임 종료             : -
Конец игры            : {},게임 종료             : {}
 сортировка по общему размеру, 전체 크기로 정렬
Контент уже на месте,콘텐츠가 이미 있습니다
Копирование IVFC слой {} в nca: {},IVFC 레이어 {}를 nca로 복사 중: {}
Копирование PFS0 в nca,PFS0를 nca로 복사 중
Копирование PFS0 хэш таблицы в nca,PFS0 해시 테이블을 nca로 복사 중
Копирование SDK {} в файл: {}...,SDK {}를 파일로 복사 중: {}...
Копировать,복사
Корейский,한국어
Корень не найден,루트를 찾을 수 없음
Корень сохранения не существует,저장 루트가 존재하지 않습니다
 сортировка по пользователю, 사용자별 정렬
Корея,한국
Курсор на обеих панелях,양쪽 패널에 커서
Латиноамериканский испанский,라틴 아메리카 스페인어
Май,5월
Март,3월
Масштаб: По ширине,배율: 너비에 맞춤
Масштаб: По экрану,배율: 화면에 맞춤
Масштаб: Точка в точку,배율: 픽셀 퍼펙트
Масштаб: Увеличение x2,배율: 2배 확대
 сортировка по порядку игры, 게임 순서로 정렬
Место в  NAND         : {},NAND 공간            : {}
Место на SD карте     : {},SD 카드 공간     : {}
Место на приставке не занято,본체에 사용된 공간 없음
Мета контент отсутствует,메타 콘텐츠가 없습니다
Миссия провалена\n\nНажмите А для выхода,임무 실패\n\n종료하려면 A를 누르세요
Миссия успешна\n\nОсталось ходов: {}\n\nНажмите А для выхода,임무 성공\n\n남은 이동 횟수: {}\n\n종료하려면 A를 누르세요
Модификация файла не удалась,파일 수정 실패
На выбранном устройстве нет достаточного свободного места для установки,선택한 장치에 설치할 공간이 부족합니다
На месте нет достаточно свободного места,사용 가능한 여유 공간이 부족합니다
 сортировка по размеру, 크기별 정렬
Нажмите (+) для перезаписи конфига обновлённым\n\nЛюбую другую кнопку для пропуска,(+)를 눌러 업데이트된 설정으로 덮어쓰기\n\n건너뛰려면 다른 버튼
"Нажмите (+) для удаления, любую другую кнопку для пропуска...\n (-) Удалять все, больше не спрашивая","(+)를 눌러 삭제, 다른 버튼을 눌러 건너뛰기...\n (-) 다시 묻지 않고 모두 삭제"
"Нажмите A, чтобы продолжить, другую кнопку, чтобы выйти","계속하려면 A를 누르고, 종료하려면 다른 버튼을 누르세요"
"Нажмите B, чтобы вернуться",B를 눌러 돌아가기
Нажмите любую кнопку,아무 버튼이나 누르세요
Название: ,이름: 
Найден SDK: {},SDK 발견: {}
Найден {} зарегистрированный контент-файл,등록된 콘텐츠 파일 {}개 발견
Найден {} контент-файл,{}개의 콘텐츠 파일을 찾았습니다
Найден {} пользователь,{}명의 사용자를 찾았습니다
Найден {} потерянный контент-файл,{}개의 고아 콘텐츠 파일을 찾았습니다
Найден {} файл,{}개 파일 발견
Найден {} файл с ошибками,오류가 있는 파일 {}개 발견
Найден и удалён {} неиспользуемый тикет,{}개의 사용하지 않은 티켓을 찾아 삭제했습니다
Найдена {} запись об игре,{}개의 게임 항목을 찾았습니다
Найдена {} запись об ошибках,{}개의 오류 기록을 찾았습니다
Найдена {} установленная игра,설치된 게임 {}개 발견
Найдено {} записей об играх,{}개의 게임 기록을 찾았습니다
Найдено {} записей об ошибках,{}개의 오류 보고서를 찾았습니다
Найдено {} записи об играх,{}개의 게임 항목을 찾았습니다
({}/{}) Устанавливается {},({}/{}) 설치 중 {}
Найдено {} записи об ошибках,{}개의 오류 보고서를 찾았습니다
Найдено {} зарегистрированных контент-файла,등록된 콘텐츠 파일 {}개를 찾았습니다
Найдено {} зарегистрированных контент-файлов,등록된 콘텐츠 파일 {}개를 찾았습니다
Найдено {} контент-файла,{}개의 콘텐츠 파일을 찾았습니다
Найдено {} контент-файлов,{}개의 콘텐츠 파일을 찾았습니다
Найдено {} обновление,{} 업데이트 발견됨
Найдено {} обновлений,{}개의 업데이트를 찾았습니다
Найдено {} обновления,{}개의 업데이트를 찾았습니다
Найдено {} пользователей,{}명의 사용자를 찾았습니다
Найдено {} пользователя,{}명의 사용자를 찾았습니다
Найдено {} потерянных контент-файла,{}개의 손실된 콘텐츠 파일을 찾았습니다
Найдено {} потерянных контент-файлов,{}개의 고아 콘텐츠 파일을 찾았습니다
Найдено {} сохранение,{}개의 저장 파일을 찾았습니다
Найдено {} сохранение...,{}개의 저장 데이터를 찾았습니다...
Найдено {} сохранений,{}개의 세이브 파일을 찾았습니다
Найдено {} сохранений...,{}개의 세이브 파일을 찾았습니다...
Найдено {} сохранения,{}개의 저장 파일을 찾았습니다
Найдено {} сохранения...,{}개의 저장 데이터를 찾았습니다...
Найдено {} установленные игры,설치된 게임 {}개 발견
Найдено {} установленных игр,설치된 게임 {}개 발견
Найдено {} файла,{}개의 파일을 찾았습니다
Найдено {} файла с ошибками,오류가 있는 파일 {}개 발견
Найдено {} файлов,{}개의 파일을 찾았습니다
Найдено {} файлов с ошибками,오류가 있는 파일 {}개 발견
Найдено и удалено {} неиспользуемых тикета,{}개의 사용하지 않은 티켓을 찾아 제거했습니다
Найдено и удалено {} неиспользуемых тикетов,{}개의 사용하지 않은 티켓을 찾아 제거했습니다
Найдено существующее сохранение. Восстанавливаю бекап в него...,기존 저장 데이터를 찾았습니다. 백업을 복원하는 중...
Настройки,설정
Настройки DBI,DBI 설정
Настройки FB2,FB2 설정
Начало игры           : -,게임 시작              : -
Начало игры           : {},게임 시작              : {}
Начало создания Control.nca,Control.nca 생성 시작
Начало создания Program.nca,Program.nca 생성 시작
Начало установки. Место установки: ,설치 시작. 설치 위치: 
Начать установку,설치 시작
Не доступно,사용할 수 없음
Не известно,알 수 없음
"Не найден USB диск, который смог бы вместить получившийся дамп. Убедитесь, что он отформатирован в ExFAT.",생성된 덤프를 저장할 수 있는 USB 드라이브를 찾을 수 없습니다. ExFAT으로 포맷되어 있는지 확인하세요.
Не найдены требуемые тикеты,필요한 티켓을 찾을 수 없습니다
. Время простоя \x1b[33;1m{:02}:{:02}:{:02}\x1b[37;1m,. 유휴 시간 \x1b[33;1m{:02}:{:02}:{:02}\x1b[37;1m
Не получилось создать NSP,NSP 생성 실패
Не удалось получить список,목록을 가져오지 못했습니다
Не удалось установить аватар\n{},아바타 설정 실패\n{}
Не установлен,설치되지 않음
Невозможно найти путь,경로를 찾을 수 없습니다
Невозможно открыть папку журналов ошибок,오류 로그 폴더를 열 수 없습니다
Невозможно переименовать '{}' в '{}':,'{}'을를 '{}'로 이름 변경할 수 없습니다:
Невозможно получить список LFS,LFS 목록을 가져올 수 없습니다
Невозможно получить список пользователей,사용자 목록을 가져올 수 없습니다
Невозможно получить статус связи с Nintendo Account,Nintendo Account 연결 상태를 가져올 수 없습니다
...готово,...완료
Невозможно получить число записей об ошибках,오류 레코드 수를 가져올 수 없습니다
Невозможно прочитать общие тикеты,공통 티켓을 읽을 수 없습니다
Невозможно прочитать персонализированные тикеты,개인화된 티켓을 읽을 수 없습니다
Невозможно разобрать content meta,콘텐츠 메타를 파싱할 수 없습니다
Невозможно разобрать content meta. Неожиданная ошибка,콘텐츠 메타를 파싱할 수 없습니다. 예기치 않은 오류
Невозможно разобрать content meta. УСТАРЕВШАЯ ПРОШИВКА. Требуется обновление HOS,콘텐츠 메타를 파싱할 수 없습니다. 펌웨어가 오래되었습니다. HOS 업데이트 필요
Невозможно разобрать nca. УСТАРЕВШАЯ ПРОШИВКА. Требуется обновление HOS,nca 파싱 불가. 펌웨어가 오래됨. HOS 업데이트 필요
Невозможно разобрать индекс кеша,캐시 인덱스를 파싱할 수 없습니다
Невозможно распаковать '{}':,'{}'의 압축을 풀 수 없습니다:
Невозможно скопировать файл\n   '{}'\n➡ '{}'\n,파일을 복사할 수 없습니다\n   '{}'\n➡ '{}'\n
Невозможно смонтировать сохранение,저장 데이터를 마운트할 수 없습니다
Невозможно смонтировать устройство сохраниения,저장 장치를 마운트할 수 없습니다
Невозможно создать выходной zip-файл: ,출력 zip 파일을 생성할 수 없습니다: 
Невозможно создать каталог,디렉토리를 생성할 수 없습니다
Невозможно создать каталог '{}':,'{}' 디렉터리를 생성할 수 없습니다:
Невозможно создать файл,파일을 생성할 수 없습니다
Невозможно создать файл '{}':,'{}' 파일을 생성할 수 없습니다:
Недопустимый идентификатор,잘못된 식별자
Неизвестная игра [{:016x}],알 수 없는 게임 [{:016x}]
: {:>4} сохранение,: {:>4} 저장
Неизвестно,알 수 없음
Неизвестный тайтл,알 수 없는 타이틀
Неиспользуемый тикет: ,사용하지 않은 티켓: 
Немецкий,독일어
Неправильное хранилище,잘못된 저장소
Неправильный родительский объект,잘못된 상위 객체
Нет,아니요
Нет VFS. Прекращение работы,VFS 없음. 종료 중
Нет exefs VFS. Прекращение работы,exefs VFS 없음. 종료 중
: {:>4} сохранений,: {:>4} 저장
Нет logo VFS. Прекращение работы,logo VFS 없음. 종료 중
Нет romfs VFS. Прекращение работы,romfs VFS 없음. 종료 중
Нет лого,로고 없음
Нечего устанавливать,설치할 항목 없음
Никнейм консоли         : {},콘솔 닉네임     : {}
Новое имя для '{}','{}'의 새 이름
Новый каталог,새 디렉토리
Новый размер сохранения в МБ,새 저장 크기 MB
Новый рейтинг (-1 для удаления),새 등급 (-1은 제거)
: {:>4} сохранения,: {:>4} 세이브
Номер страницы,페이지 번호
Ночь,밤
Нужен связанный аккаунт,연결된 계정 필요
ОШИБКА ПОЛУЧЕНИЯ ЭКСТРА ДАННЫХ,추가 데이터 가져오기 오류
Обнаружены недопустимые символы,잘못된 문자가 감지되었습니다
Обновить DBI,DBI 업데이트
Обновить DBI из этого файла,이 파일에서 DBI 업데이트
Обновить TitleDB,TitleDB 업데이트
   {:>3} мин,   {:>3} 분
Обновление TitleDB,TitleDB 업데이트 중
Обновление базы данных...,데이터베이스 업데이트 중...
Обновление версии до {} {}\n\nНажмите (+) для продолжения\nЛюбую другую кнопку для отмены,버전 {} {}로 업데이트 중\n\n계속하려면 (+)를 누르세요\n취소하려면 다른 버튼을 누르세요
Обновление времени...,시간 업데이트 중...
Обновление закончено\n\nНажмите любую кнопку\nдля перезапуска DBI,업데이트 완료\n\n아무 버튼이나 눌러\nDBI를 재시작하세요
Обновление фейковой записи {} ➡ [v{}],가짜 레코드 업데이트 중 {} ➡ [v{}]
Обновление. Пожалуйста подождите...,업데이트 중. 잠시 기다려 주세요...
Обновляется запись об игре...,게임 기록 업데이트 중...
Обрабатывается запись {:016X},레코드 {:016X} 처리 중
Обратный альбом (180°),반전 앨범 (180°)
Обратный портрет (270°),역방향 세로 (270°)
Общее время активной игры     : {} часов,총 활성 플레이 시간     : {} 시간
Общее время дампа {:d}:{:02d}:{:02d},총 덤프 시간 {:d}:{:02d}:{:02d}
Общее время запущенных игр    : {} часов,총 플레이 시간    : {} 시간
Общее время игры      : -,총 플레이 시간      : -
Общее время игры      : {:d} часов {:02d} минут,총 플레이 시간      : {:d}시간 {:02d}분
Общее время установки: {:d}:{:02d}:{:02d},총 설치 시간: {:d}:{:02d}:{:02d}
Общее время: {:02}:{:02}:{:02},총 시간: {:02}:{:02}:{:02}
Общее занимаемое место: N:{} + S:{} = {},총 사용 공간: N:{} + S:{} = {}
Общее число запусков  : -,총 실행 횟수 : -
Общее число игровых сессий    : {},총 게임 세션 수    : {}
Общие,일반
Общий размер установки: {},총 설치 크기: {}
Объединение списков,목록 병합
Объект {} не допустим,객체 {}는 허용되지 않습니다
Объект {} не может быть создан,객체 {}를 생성할 수 없습니다
Объект не открыт для редактирования,개체가 편집을 위해 열리지 않았습니다
Объект удалён,객체 삭제됨
Объект уже открыт для редактирования,개체가 이미 편집을 위해 열려 있습니다
Огибка получения адреса сокета: {} {},소켓 주소 가져오기 오류: {} {}
Ожидаемый размер: {},예상 크기: {}
Ожидается ,예상 
Ожидается большой (>4GB) файл,큰 (>4GB) 파일이 예상됩니다
Ожидается запуск dbibackend на стороне ПК...,PC 측에서 dbibackend 시작 대기 중...
Ожидание включения интерфейса: ,인터페이스 활성화 대기 중: 
Ожидание: {} секунд,대기 중: {}초
Ожидание: {} секунда,대기 중: {}초
Ожидание: {} секунды,대기 중: {}초
CDIR в листинге,목록의 CDIR
Ориентация,방향
Ориентация...,방향...
Освобождено места в NAND: ,NAND 공간 확보됨: 
Освобождено места на SD : ,SD 카드 공간 확보됨 : 
Основной SDK не найден. Пробуем мультипрограмный вариант,메인 SDK를 찾을 수 없습니다. 멀티 프로그램 버전 시도 중
Оставить сохранения,저장 데이터 유지
Осталось ходов:    {:>3},남은 이동 횟수:    {:>3}
Остаток файла пропускается,파일의 나머지 부분은 건너뜁니다
Отключение связи с мобильным приложением...,모바일 앱 연결 해제 중...
Открываем папку прошивки...,펌웨어 폴더 열기...
Открыть,열기
Открыть вторую панель,두 번째 패널 열기
Открыть как 7Z,7Z로 열기
Открыть как RAR,RAR로 열기
Открыть как ZIP,ZIP으로 열기
Открыть как hex,hex로 열기
Открыть как текст,텍스트로 열기
Открыть контент по MTP,MTP를 통해 콘텐츠 열기
Открыть папку LFS,LFS 폴더 열기
Content meta не найден. Установка прервана,콘텐츠 메타를 찾을 수 없습니다. 설치가 중단되었습니다
Отослано {}/{} байт,{}/{} 바이트 전송됨
Отсутствуют ES сигпатчи!,ES 시그패치가 없습니다!
Очистка /atmosphere/contents,/atmosphere/contents 정리 중
Очистка кеша rightsId...,rightsId 캐시 지우는 중...
Очистка папки...,폴더 정리 중...
Очистка плейсхолдеров...,플레이스홀더 지우는 중...
Очистка системы от мусора,시스템 정크 정리
Очистка сохранений,저장 데이터 삭제 중
Очистка...,정리 중...
Ошибка FTP сервера,FTP 서버 오류
DBI Просмотр альбома,DBI 앨범 보기
Ошибка во время копирования файла,파일 복사 중 오류
Ошибка во время обновления тайтла,타이틀 업데이트 중 오류
Ошибка выделения сокета: {},소켓 할당 오류: {}
Ошибка завершения соединения: {},연결 종료 오류: {}
Ошибка загрузки картинки,이미지 로딩 오류
Ошибка загрузки файла из альбома: {},앨범에서 파일 로드 오류: {}
Ошибка закрытия сокета: {},소켓 닫기 오류: {}
Ошибка записи файла: {},파일 쓰기 오류: {}
Ошибка изменения размера файла,파일 크기 변경 오류
Ошибка инициализации {}: {},초기화 오류 {}: {}
"DPAD и стики - прокрутка, L - стр. вверх, R - стр. вниз","DPAD와 스틱 - 스크롤, L - 페이지 위, R - 페이지 아래"
Ошибка опроса сокета: {},소켓 폴링 오류: {}
Ошибка открытия каталога: {},디렉토리 열기 오류: {}
Ошибка открытия сокета: {},소켓 열기 오류: {}
Ошибка открытия файла,파일 열기 오류
Ошибка открытия файла '{}': {},파일 '{}' 열기 오류: {}
Ошибка открытия файла: {},파일 열기 오류: {}
Ошибка отсылки: {},전송 오류: {}
Ошибка переименования: {},이름 변경 오류: {}
Ошибка подключения: {},연결 오류: {}
Ошибка подмены SDK: {},SDK 교체 오류: {}
"DPAD и стики - прокрутка, L - стр. вверх, R - стр. вниз, R3 - Текст/Hex","DPAD 및 스틱 - 스크롤, L - 페이지 위, R - 페이지 아래, R3 - 텍스트/Hex"
Ошибка получения адреса узла: {},노드 주소 가져오기 오류: {}
Ошибка получения внеочередных данных: {},대역 외 데이터 검색 오류: {}
Ошибка получения имени сокета: {} {},소켓 이름 가져오기 오류: {} {}
Ошибка получения информаци о файле: {},파일 정보 가져오기 오류: {}
Ошибка получения размера файла: {},파일 크기 가져오기 오류: {}
Ошибка получения флагов сокета: {},소켓 플래그 가져오기 오류: {}
Ошибка получения хранилища {},저장소 {} 가져오기 오류
Ошибка получения: {},검색 오류: {}
Ошибка получения: {} {},가져오기 오류: {} {}
Ошибка посылки файла: {},파일 전송 오류: {}
   Получение списка бекапов...   ,   백업 목록 가져오는 중...   
Ошибка привязки сокета к порту {}: {},소켓을 포트 {}에 바인딩하는 중 오류 발생: {}
Ошибка привязки: {},바인딩 오류: {}
Ошибка принятия соединения: {} {},연결 수락 오류: {} {}
Ошибка приёма соединения: {},연결 수신 오류: {}
Ошибка проверси метки сокета: {},소켓 레이블 확인 오류: {}
Ошибка прослушивания: {},수신 오류: {}
Ошибка прослушки сокета: {},소켓 수신 오류: {}
Ошибка сжатия,압축 오류
Ошибка создания каталога: {},디렉토리 생성 오류: {}
Ошибка создания сокета: {},소켓 생성 오류: {}
DPAD/Стики - Навигация по страницам\n\n     ZR+ZL - Переход к странице... \n\n       L/R - Навигация по главам   \n\n       (-) - Эта подсказка         \n\n       (+) - Меню                  ,DPAD/스틱 - 페이지 탐색\n\n     ZR+ZL - 페이지로 이동... \n\n       L/R - 챕터 탐색   \n\n       (-) - 이 힌트         \n\n       (+) - 메뉴                  
Ошибка создания сохранения,저장 데이터 생성 오류
Ошибка удаления каталога: {},디렉토리 삭제 오류: {}
Ошибка удаления файла: {},파일 삭제 오류: {}
Ошибка установки флагов сокета: {},소켓 플래그 설정 오류: {}
Ошибка чтения записи об игре: {},게임 기록 읽기 오류: {}
Ошибка чтения каталога: {},디렉토리 읽기 오류: {}
Ошибка чтения регистров max17050: ,max17050 레지스터 읽기 오류: 
Ошибка чтения сохранённых параметров контроллера: ,저장된 컨트롤러 매개변수 읽기 오류: 
Ошибка чтения файла: {},파일 읽기 오류: {}
DeviceId                : {0:} ({0:016X}),DeviceId   : {0:} ({0:016X})
Ошибок не найдено,오류를 찾을 수 없습니다
Ошибочный номер DLC (Должен быть в диапазоне 0x001-0x7FF),잘못된 DLC 번호 (0x001-0x7FF 범위 내에 있어야 합니다)
Ошибочный номер DLC (Должен быть в диапазоне 1-2047),잘못된 DLC 번호 (1-2047 범위 내에 있어야 합니다)
"Ошибочный тикет {0}: kg {1:02X}, pm {2:02X}","잘못된 티켓 {0}: kg {1:02X}, pm {2:02X}"
Папка LFS не найдена,LFS 폴더를 찾을 수 없습니다
Папка для бекапа сохранений,저장 데이터 백업 폴더
Папка для дампа игр,게임 덤프 폴더
Папка журналов,로그 폴더
Папка обновления очищена,업데이트 폴더 삭제됨
DramId                  : {} ({}),DramId     : {} ({})
Параметры FTP,FTP 설정
Параметры MTP,MTP 설정
Параметры установки,설치 옵션
Пароль,비밀번호
Перевернуть джойконы,조이콘 뒤집기
Перевернуть экран,화면 뒤집기
Передача окончена,전송 완료
Переименование объекта,객체 이름 변경
Переименовать,이름 바꾸기
Перейти к первой странице,첫 페이지로 이동
Перейти к последней странице,마지막 페이지로 이동
Перейти к странице...,페이지로 이동...
Переместить,이동
Переместить в NAND,NAND로 이동
Переместить на SD карту,SD 카드로 이동
"Перемещение {} ({}, {}) в {}","{} ({}, {})을(를) {}(으)로 이동"
Перемещение {} записей,{} 항목 이동 중
Перемещение {} записи,{} 항목 이동 중
Перемещение {} игр,{}개의 게임 이동 중
Перемещение {} игры,{} 게임 이동 중
FTP сервер (нажмите B для остановки),FTP 서버 (중지하려면 B를 누르세요)
Перемещение контента,콘텐츠 이동 중
Перенос строк,줄 바꿈
Переносить слова,단어 줄바꿈
Переоткрытие ФС сохранения: {},저장 FS 재열기: {}
Пишется новая запись о контенте...,새 콘텐츠 레코드 작성 중...
Пишется новый cnmt.nca...,새 cnmt.nca 작성 중...
Платформа               : {},플랫폼        : {}
Подготовка...,준비 중...
Подключаемся к {}...,{}에 연결 중...
Подключено к {}:{},{}:{}에 연결됨
Подмена SDK,SDK 교체
Подменить SDK,SDK 교체
Подсвечивать файлы обновлений,업데이트 파일 강조
Подсчитывается размер установки...,설치 크기 계산 중...
Подсчитывается размер установки...{}%,설치 크기 계산 중...{}%
Подсчитываются объекты в альбоме в NAND,NAND의 앨범 내 객체 계산 중
Подсчитываются объекты в альбоме на SD карте,SD 카드의 앨범에서 객체 계산 중
Подсчёт метаданных...,메타데이터 계산 중...
Подсчёт основного хэша,메인 해시 계산 중
Подсчёт хэша секции,섹션 해시 계산 중
"Пожалуйста, подключите вашу консоль к ПК кабелем USB Type-C или нажмите B",USB Type-C 케이블로 콘솔을 PC에 연결하거나 B를 누르세요
"Пожалуйста, подождите...",잠시 기다려 주세요...
Поиск записей об ошибках,오류 로그 검색 중
Поиск неиспользуемых тикетов,사용하지 않은 티켓 검색 중
Поиск подготовленного системного обновления,준비된 시스템 업데이트 검색 중
Поиск потерянных тайтлов,손실된 타이틀 검색 중
Поиск потерянных файлов в NAND,NAND에서 손실된 파일 검색 중
Поиск потерянных файлов на SD,SD에서 손실된 파일 검색 중
Поиск сохранений удалённых пользователей...,삭제된 사용자의 저장 데이터 검색 중...
Get chargeInfoFields : {},Get chargeInfoFields : {}
Показываемая версия     : {},표시된 버전     : {}
Показываемое название   : {},표시 이름      : {}
Показывать 'Обновить отсюда','여기서 업데이트' 표시
Показывать объединённый NSP,병합된 NSP 표시
Показывать папку 'Mods&Cheats','Mods&Cheats' 폴더 표시
Показывать прогрев кеша,캐시 워밍 표시
Показывать размер LFS (долго),LFS 크기 표시 (느림)
Показывать секунды,초 표시
Показывать часы в статусе,상태에 시계 표시
Получен список из {} записей,{}개 항목 목록을 받았습니다
Получен список из {} записи,{} 항목 목록을 받았습니다
Получение версий установленных игр,설치된 게임 버전 가져오는 중
Получение информации из hac_versionlist...,hac_versionlist에서 정보 가져오는 중...
Получение информации из системы...,시스템 정보 가져오는 중...
Получение информации об играх...,게임 정보 가져오는 중...
Получение списка тикетов...,티켓 목록 가져오는 중...
Получение файла: {} МБ ({:.2f} МБ/сек),파일 수신 중: {} MB ({:.2f} MB/초)
Получение файла: {}/\x1b[36;1m{}\x1b[37;1m МБ (\x1b[32;1m{}%\x1b[37;1m) (\x1b[33;1m{:.2f}\x1b[37;1m МБ/сек),파일 수신 중: {}/\x1b[36;1m{}\x1b[37;1m MB (\x1b[32;1m{}%\x1b[37;1m) (\x1b[33;1m{:.2f}\x1b[37;1m MB/초)
   Получение списка бекапов...{}/{}    ,   백업 목록 가져오는 중...{}/{}    
Полученное время: {},수신 시간: {}
Полученный размер: {},수신된 크기: {}
"Получено: {}, ({:.2f} МБ/сек)","수신됨: {}, ({:.2f} MB/초)"
Пользователь {} не найден. Создание сохранения невозможно,사용자 {}를 찾을 수 없습니다. 저장 생성 불가능
Пользователь не найден,사용자를 찾을 수 없습니다
Пользовательские хранилища,사용자 지정 저장소
Попытаться разобрать,파싱 시도
Попытка исправить,복구 시도 중
Портрет (90°),세로 (90°)
Португальский,포르투갈어
"L+⬅-Начало, L+➡-Конец, ZL-Регистр, ZR-Ввод, Y-Пробел, X-Забой, R3-Язык","L+⬅-처음, L+➡-끝, ZL-대소문자, ZR-입력, Y-공백, X-지우기, R3-언어"
После удаления игры не будут запускаться,삭제 후 게임이 실행되지 않습니다
Посылается файл: {},파일 전송 중: {}
Посылается файл: {}/\x1b[36;1m{}\x1b[37;1m МБ (\x1b[32;1m{}\x1b[37;1m%) (\x1b[33;1m{:.2f}\x1b[37;1m МБ/сек),파일 전송 중: {}/\x1b[36;1m{}\x1b[37;1m MB (\x1b[32;1m{}\x1b[37;1m%) (\x1b[33;1m{:.2f}\x1b[37;1m MB/초)
Превышен размер командного буфера,명령 버퍼 크기 초과
LFS мод.: -,LFS 모드: -
Предназначение          : {},목적         : {}
Предоставить по FTP,FTP로 제공
Предупреждения: ,경고: 
Прекращение прослушивания на {}:{},{}:{} 수신 중지 중
Прервано пользователем,사용자가 중단함
Привязка к {}:{},{}:{}에 바인딩
Принято соединение от {}:{},{}:{}에서 연결 수락됨
Проверить целостность,무결성 확인
"LFS мод.: Присутствует, Размер: ","LFS 모드: 존재함, 크기: "
Проверка magic...,매직 확인 중...
"Проверка {} ({}, {}), {}","확인 {} ({}, {}), {}"
Проверка картриджа...,카트리지 확인 중...
Проверка на наличие  {}...,{} 확인 중...
Проверка обновлений,업데이트 확인 중
Проверка обновлений игр,게임 업데이트 확인 중
Проверка сохранений,저장 데이터 확인 중
Проверка целостности ({}),무결성 검사 ({})
Проверяется: {},확인 중: {}
Проверять хэш при установке,설치 중 해시 확인
"LFS мод.: Присутствует, Размер: подсчёт отключен в настройках","LFS 모드: 존재함, 크기: 설정에서 계산 비활성화됨"
Проверяются бекапы...,백업 확인 중...
Проверяются сохранения,저장 데이터 확인 중
Программа {}. Control не найдена,애플리케이션 {}. Control을 찾을 수 없습니다
Программа {}. Exefs не найдена,프로그램 {}. Exefs를 찾을 수 없습니다
Программа {}. Romfs не найдена,애플리케이션 {}. Romfs를 찾을 수 없습니다
Произошла неизвестная ошибка,알 수 없는 오류가 발생했습니다
Произошла ошибка:,오류가 발생했습니다:
Произошла ошибка: {},오류가 발생했습니다: {}
Пропускаем файл до начала secure раздела ,보안 섹션 시작까지 파일 건너뛰기 
LFS папка игры,LFS 게임 폴더
Пропускается: {}          \r,건너뛰는 중: {}          \r
Прослушивание на {}:{},{}:{} 에서 수신 대기 중
Просмотр SD карты,SD 카드 탐색
Просмотр USB носителей,USB 드라이브 탐색
Просмотр альбома по HTTP,HTTP를 통해 앨범 보기
Просмотр раздела SYSTEM,SYSTEM 파티션 탐색
Просмотр раздела USER,USER 파티션 탐색
Просмотр сети,네트워크 탐색
MTP Респондер (нажмите B для остановки),MTP 응답기 (중지하려면 B를 누르세요)
Просмотр сохранений,저장 데이터 보기
Просмотр тикетов,티켓 보기
Просмотр установленных игр,설치된 게임 보기
Просмотреть игры,게임 보기
Просто запуск,그냥 실행
Разбор,파싱
Раздел secure не найден,secure 섹션을 찾을 수 없습니다
Размер  : ,크기  : 
"Размер  : {}, {} файл","크기  : {}, {} 파일"
"Размер  : {}, {} файла","크기  : {}, {} 파일"
"Размер  : {}, {} файлов","크기  : {}, {}개 파일"
Размер посылаемого файла   : {},전송 중인 파일 크기: {}
Размер сохранений     : {},저장 데이터 크기     : {}
Размер: {},크기: {}
Разрешено,허용됨
Распаковать в подкаталог,하위 디렉토리로 압축 해제
Распаковать сюда,여기에 압축 풀기
Распаковка файла,파일 압축 해제 중
Растущие цветы:     {},자라는 꽃:     {}
Nintendo Account задан и связан,Nintendo 계정이 설정되고 연결되었습니다
Регион                  : {},지역         : {}
Регистрация контента {}...,콘텐츠 등록 중 {}...
Регистрация файла {}...,파일 {} 등록 중...
Регистры котроллера MAX17050,MAX17050 컨트롤러 레지스터
Редактирование возрастного рейтинга...,연령 등급 편집 중...
Редактирование запретов,제한 편집
Режим HiZ зарядки       : {},HiZ 충전 모드  : {}
Режим киоска            : {},키오스크 모드    : {}
Рендеринг FB2,FB2 렌더링
"Nintendo Account задан, но не связан",Nintendo Account가 설정되었지만 연결되지 않음
Родительский PIN        : {},자녀 보호 PIN  : {}
Сброс требуемой версии,필수 버전 재설정
Сброс требуемой версии к ,필요한 버전을 다음으로 재설정 
Сбросить требуемую версию,필요한 버전 재설정
Сведения,정보
Сведения...,정보...
Свободное место в хранилище: {},저장 공간 여유: {}
Свободное место: {},여유 공간: {}
Сгенерировать и установить,생성 및 설치
   Получение списка сохранений...   ,   저장 목록 가져오는 중...   
Nintendo Account не задан,Nintendo Account가 설정되지 않음
Сдампить на SD карту,SD 카드에 덤프
Сдампить на внешний USB,외부 USB로 덤프
Сдампить текущую прошивку,현재 펌웨어 덤프
Сдамплено: {}/{} ({}%) ({:.2f} МБ/сек),덤프됨: {}/{} ({}%) ({:.2f} MB/초)
Сделать бекап,백업 만들기
"Сделать бекап, если новее",최신인 경우 백업
Северная Америка,북아메리카
Сентябрь,9월
Сепия,세피아
Сервер запущен,서버 시작됨
Сервер предлагает выполнить обновление DBI\n\nНажите (+) для согласия\nЛюбую другую кнопку для отмены,서버가 DBI 업데이트를 제안합니다\n\n(+)를 눌러 확인\n다른 버튼을 눌러 취소
Серийный # прочитанный  : {},시리얼 번호 읽음  : {}
Серийный # угаданный    : {},시리얼 번호 추측됨 : {}
Сессии,세션
Сессия закрыта,세션 종료됨
Сессия открыта,세션 열림
Синхронизация времени по NTP,NTP 시간 동기화
Системные приложения,시스템 애플리케이션
Системный по умолчанию,시스템 기본값
Сканирование директорий...,디렉토리 스캔 중...
Сканирование игр...,게임 스캔 중...
Скачано {}/{},다운로드됨 {}/{}
Скачивание файла не удалось,파일 다운로드 실패
Скорость USB интерфейса: ,USB 인터페이스 속도: 
Скорость передачи: {:.2f} МБ/сек,전송 속도: {:.2f} MB/초
Смещать курсор после выделения,선택 후 커서 이동
Собираются сведения...,정보 수집 중...
Соединение сброшено,연결 재설정됨
Сожжено предохранителей : {},퓨즈 소손      : {}
Создавать LFS папку,LFS 폴더 생성
Создан zip-файл: ,Zip 파일 생성됨: 
Создание DLC анлокера,DLC 언락커 생성 중
Создание NSP,NSP 생성 중
Создание sdmc:/versions.txt,sdmc:/versions.txt 생성 중
Создание бекапа сохранения ,저장 데이터 백업 생성 중 
Создание дампа ({}),덤프 생성 중 ({})
Создание дампа: {},덤프 생성 중: {}
Создание единого репака,통합 리팩 생성
Создание записи об игре...,게임 기록 생성 중...
Создание каталога: ,디렉토리 생성 중: 
Создание новой записи об игре...,새 게임 항목 생성 중...
Создание объекта: ,객체 생성 중: 
Создание плейсхолдера: {}...,플레이스홀더 생성 중: {}...
"Создание репака Id: {:016X}, Версия: {}, Тип: {}","리팩 생성 중 Id: {:016X}, 버전: {}, 유형: {}"
Создание строк... {}%,문자열 생성 중... {}%
Создание таблицы имён,이름 테이블 생성 중
Создание тела файла,파일 본문 생성 중
Создание точки доступа...,액세스 포인트 생성 중...
Создание фейковой записи... ,가짜 레코드 생성 중... 
Создание хэш таблицы,해시 테이블 생성 중
Создание ярлыка,바로가기 생성 중
Создано новое сохранение. Восстанавливаю бекап в него...,새 저장 파일이 생성되었습니다. 백업을 복원하는 중...
Создать sdmc:/versions.txt,sdmc:/versions.txt 생성
Создать единый репак,단일 리팩 생성
Создать новое сохранение...,새 저장 파일 만들기...
Создать новый каталог...,새 디렉토리 만들기...
Создать новый файл...,새 파일 만들기...
Создать ярлык,바로 가기 만들기
Создать ярлык для hbmenu,hbmenu 바로가기 만들기
Создать ярлык на рабочий стол для DBI...,DBI 바탕화면 바로가기 만들기...
Создать ярлык с аргументами...,인수로 바로 가기 만들기...
Создаётся MTP хранилище: ,MTP 저장소 생성 중: 
Создаётся обновлённая запись об игре...,업데이트된 게임 기록 생성 중...
Сохранение для {} уже существует,{} 저장 데이터가 이미 존재합니다
Сохранения,저장 데이터
Сохранения будут удалены!,저장 데이터가 삭제됩니다!
Сохранения только в RO режиме,RO 모드에서만 저장
RTC запущены (приблизительно) : {},RTC 시작됨 (대략) : {}
Сохранения удалённых игр ({}),삭제된 게임의 저장 데이터 ({})
Сохранения установленных игр ({}),설치된 게임의 저장 데이터 ({})
Сохранёные в системе параметры котроллера батареи,시스템에 저장된 배터리 컨트롤러 매개변수
Статистика игры ,게임 통계 
Строка поиска: ,검색 문자열: 
Существующая запись об игре не найдена,기존 게임 기록을 찾을 수 없습니다
Существующее сохранение не найдено и новое не может быть создано,기존 저장 데이터를 찾을 수 없으며 새로 생성할 수 없습니다
SDK {} уже был экспортирован: {},SDK {}는 이미 내보내기되었습니다: {}
Тайтл не установлен,타이틀이 설치되지 않음
Тайтл установлен,타이틀 설치됨
Тайтлы с ошибками:,오류가 있는 타이틀:
Текущее время: {},현재 시간: {}
SDK на подмену не найдены,교체할 SDK를 찾을 수 없습니다
Тема,테마
Тема отображения,디스플레이 테마
Тикет исправлен,티켓 수정됨
Тикеты,티켓
Тикеты не найдены,티켓을 찾을 수 없습니다
Тип SoC                 : {},SoC 유형     : {}
Тип источника питания          : {},전원 공급 장치 유형    : {}
864,864
881,881
"          Париж, издательство Грассе.",          자원봉사자가 부품을 구하러 이웃들에게 직접
"больше шансов, что оно заработает». Их",확률로 모든 것이 작동할 것이라고 굳게
быстро проникли в планы шадоков и,​
"всякий раз, когда растение расцветает",​
"выражениях: «Чем больше неудач, тем","전술은 삐걱거리지만, 그들은 백만 분의 일의"
"вычислили, что у них есть по крайней","처음 999,999번의 치명적인 실수를 서둘러"
заработает… И они торопятся поскорее,"돌파의 리듬. 벙커, 국영출판사 «거울나라»."
"и дает транзистор, они мчатся, чтобы",​
"и не кончилось успехом». Или, в других",모든 것이 잘 될 가능성이 높아진다.' 그들의
"мере один шанс из миллиона, что она",저지르고 있다.» И. И. 피즈도볼로프.
миллионная заработает».,발표했다. 그리고 이웃들은 정원에 있는 장비에서
"ничего, что бы непрерывно продолжалось",없다.' 다른 말로 하면: '희생이 클수록 결국
"но окружили его со всех сторон, и",​
"опытов, чтобы быть уверенными, что","시스템에도, 변기에도 칩이 부족하기 때문이라고"
осуществить 999999 первых неудачных,수석 전략가는 로켓이 떨어지는 이유가 유도
"очень умные благодаря своим шляпам,",​
"планету гиби искать транзисторы. Гиби,",​
постоянно кончаясь неудачами.,성장을 가져오고 있다. 모든 비밀은 그들의
принципов шадокской логики: «Нет,'위대함을 향한 일시적 담보가 아닌 재앙은
"ракета еще несовершенна, но они",믿으며... 그래서 그들은 승리가 찾아오도록
"растений, произрастающих на огородах.","포위했고, 이제 그가 칩을 볼 때마다 이웃들이"
решили позабавиться. Они позволили,​
собрать урожай прежде шадока.,​
"терпят неудачу потому, что не хватает",은밀한 의도를 빠르게 간파하고 실컷 조롱하기로
транзисторов в системах безопасности.,했다. 그들은 손님이 자신들의 장비 창고 중
"шадоку забраться в один из их огородов,",​
  Жак Руксель. Великолепие навыворот.,  직접 칩을 추출한다고 한다. 늪지에서
«У шадоков ситуация удовлетворительна.,«늪지 주민들에게는 모든 것이 계획대로 진행되고
"    Великий колдун сказал, что ракеты",    파견되었다. 인터넷 때문에 교활해진 이웃들은
"Испытания ракет продолжаются,","있다. 제로화 과정은 계속되며, 착실히 마이너스"
    Дело здесь в одном из основных,    심오한 논리라는 근본 교리에 숨어 있다:
Но у гиби транзисторы собирают с,"하나에 들어가도록 허락했지만, 사방에서 그를"
Решено послать одного из шадоков на,그것을 빼앗아간다.»
original,original
"SSID : {}, Пароль: {}","SSID : {}, 비밀번호: {}"
TempC0                : {:04x},TempC0      : {:04x}
Удалять после установки :,설치 후 삭제 :
Wireless LAN MAC адрес : {:02X}:{:02X}:{:02X}:{:02X}:{:02X}:{:02X},Wireless LAN MAC 주소 : {:02X}:{:02X}:{:02X}:{:02X}:{:02X}:{:02X}
Форсировано вклчение USB 3.0 : {},USB 3.0 강제 활성화     : {}
Экзосфера очищает CAL0       : {},Exosphere 지우기 CAL0 : {}
Экран                  : ({:08X}) {},화면                  : ({:08X}) {}
Конфигурация зарядки             : {},충전 구성          : {}
Режим Hi-Z включён               : {},Hi-Z 모드 활성화됨   : {}
Зарядка батареи включена         : {},배터리 충전 활성화     : {}
Маршрут электропитания           : {},전원 공급 경로       : {}
Напряжение источника             : {} mV,소스 전압          : {} mV
Ток источника                    : {} mA,소스 전류          : {} mA
Быстрая зарядка разрешена        : {},고속 충전 허용됨      : {}
Целевая прошивка             : {}.{}.{},대상 펌웨어             : {}.{}.{}
Поддерживаемая версия HOS    : {},지원되는 HOS 버전        : {}
Предел входного тока (буст)      : {} mA,입력 전류 제한 (부스트) : {} mA
Предел тока быстрой зарядки      : {} mA,고속 충전 전류 제한    : {} mA
Напряжение батареи               : {} mV,배터리 전압         : {} mV
Контроллер источника получен     : {},소스 컨트롤러 획득     : {}
OTG Запрошен                     : {},OTG 요청됨        : {}
Ёмкость с завода    : {} mAh,공장 용량    : {} mAh
Версия атмосферы             : {}.{}.{},Atmosphere 버전      : {}.{}.{}
Возраст батареи                  : {}%,배터리 노화도        : {}%
Выйти из DBI            :,DBI 종료  :
Выключить экран         :,화면 끄기   :
Есть исправление RCM бага    : {},RCM 버그 수정 있음       : {}
Запись в CAL0 разрешена      : {},CAL0 쓰기 허용됨        : {}
Источник питания                 : {},전원             : {}
Место установки         :,설치 위치   :
%% заряд-разряд     : {},%% 충전-방전 : {}
Общий размер передачи   :,총 전송 크기 :
Общий размер установки  :,총 설치 크기 :
Bluetooth MAC адрес    : {:02X}:{:02X}:{:02X}:{:02X}:{:02X}:{:02X},Bluetooth MAC 주소    : {:02X}:{:02X}:{:02X}:{:02X}:{:02X}:{:02X}
Configuration Id1      : {},Configuration Id1   : {}
Emummc включён               : {},Emummc 활성화됨        : {}
FullCap               : {:04x} ({} mAh),FullCap     : {:04x} ({} mAh)
FullCapNom            : {:04x} ({} mAh),FullCapNom  : {:04x} ({} mAh)
Поколение ключа              : {},키 생성               : {}
Git commit hash              : {:016X},Git commit hash    : {:016X}
Полная ёмкость      : {} mAh,전체 용량    : {} mAh
IavgEmpty             : {:04x},IavgEmpty   : {:04x}
Предел входного тока             : {} mA,입력 전류 제한       : {} mA
Предел напряжения заряда батареи : {} mV,배터리 충전 전압 제한   : {} mV
Серийный номер         : {},일련 번호               : {}
Силовая роль                     : {},전원 역할          : {}
QrTable00             : {:04x},QrTable00   : {:04x}
QrTable10             : {:04x},QrTable10   : {:04x}
QrTable20             : {:04x},QrTable20   : {:04x}
QrTable30             : {:04x},QrTable30   : {:04x}
RCOMP0                : {:04x},RCOMP0      : {:04x}
Средняя температура : {}°C,평균 온도    : {}°C
Сумма %% заряд-разряд : {} (~{} 0-100 циклов),합계 %% 충전-방전 : {} (~{} 0-100 사이클)
Текущая ёмкость                  : {}%,현재 용량          : {}%
Текущая ёмкость     : {} mAh,현재 용량    : {} mAh
Текущее напряжение  : {} mV,현재 전압    : {} mV
Текущий заряд       : {}%,현재 충전량   : {}%
Текущий ток         : {} mA,현재 전류    : {} mA
Температура         : {}°C,온도       : {}°C
Температура батареи              : {}°C,배터리 온도         : {}°C
